client_index,house,train_mae,train_rmse,train_r2,test_loss,test_mae,test_rmse,test_r2
0,house1,0.012010842881212914,0.017918070237036614,0.9789980557244045,0.06016534084187112,0.01948326124873411,0.06016534084187112,0.5279503208973961
1,house2,0.09562898997917842,0.14581301260870017,0.47504801114331163,0.12555176738126816,0.10372150048181497,0.12555176738126816,0.44216263687888213
2,house3,0.03950171956595471,0.05656711259990279,0.8864942165551337,0.05543216471220858,0.04484887851428591,0.05543216471220858,-0.3712522883382472
3,house4,0.07405216212171992,0.10468765581410483,0.7534334651808688,0.053543675473789465,0.03582092004525807,0.053543675473789465,-0.9748768195126112
4,house6,0.08342100005148315,0.14878479432592437,0.46948341566964247,0.08573259414513355,0.06938752460720392,0.08573259414513355,-1.22904351363076
