client_index,house,train_mae,train_rmse,train_r2,test_loss,test_mae,test_rmse,test_r2
0,house1,0.06726994270570696,0.12515639187939476,0.9843358775717314,0.425880764708014,0.13160255709301813,0.425880764708014,0.5186884696599277
1,house2,0.28214651077444564,0.4910168073076833,0.7589024949413694,0.5502641368300436,0.3646644379940667,0.5502641368300436,0.6636505654443048
2,house3,0.12064450659378961,0.22588865193777555,0.9489743169257345,0.2545806373633971,0.1786929391944022,0.2545806373633971,0.320139506890342
3,house4,0.39271084171807985,0.5417157913480428,0.7065440014041637,0.3760083977315954,0.3054621795269289,0.3760083977315954,-0.4117944084688263
4,house6,0.19512857596576397,0.4520298126016079,0.7956690485193553,0.2685164731943373,0.16317557606828567,0.2685164731943373,0.16904298131696183
