client_index,house,train_mae,train_rmse,train_r2,test_loss,test_mae,test_rmse,test_r2
0,house1,0.013505692181137795,0.018479961689507714,0.9776602059191383,0.05606336232250879,0.022691566551745153,0.05606336232250879,0.5901233057647715
1,house2,0.09614342110042003,0.14171493453819867,0.5041409310235578,0.12368027222369644,0.09714141276919494,0.12368027222369644,0.45866911867869753
2,house3,0.02989051303042321,0.04403355705662263,0.931220738721312,0.07800224349689681,0.06621237957641889,0.07800224349689681,-1.7152378298444293
3,house4,0.044314592416373894,0.061777678668551494,0.9141369418814441,0.04637941144334859,0.031267757269179276,0.04637941144334859,-0.4817472126527633
4,house6,0.13468821054261687,0.19598676660447772,0.07947547679071909,0.10900817741258217,0.0989457746340646,0.10900817741258217,-2.603667999438966
